Date,RSI
2022-10-17 10:00:00,
2022-10-17 10:15:00,
2022-10-17 10:30:00,
2022-10-17 10:45:00,
2022-10-17 11:00:00,
2022-10-17 11:15:00,
2022-10-17 11:30:00,
2022-10-17 11:45:00,
2022-10-17 12:00:00,
2022-10-17 12:15:00,
2022-10-17 12:30:00,
2022-10-17 12:45:00,
2022-10-17 13:00:00,
2022-10-17 13:15:00,
2022-10-17 13:30:00,77.777777777778
2022-10-17 13:45:00,79.03225806451633
2022-10-17 14:00:00,74.5029239766084
2022-10-17 14:15:00,77.30439657243551
2022-10-17 14:30:00,77.3043965724355
2022-10-17 14:45:00,77.30439657243551
2022-10-17 15:00:00,78.76166803046928
2022-10-17 15:15:00,80.13528529373343
2022-10-17 15:30:00,81.42879614417886
2022-10-17 15:45:00,82.6457609080096
2022-10-17 16:00:00,72.42380581929334
2022-10-17 16:15:00,63.910983477418114
2022-10-17 16:30:00,66.05915783837294
2022-10-17 16:45:00,58.552377697054034
2022-10-18 10:00:00,72.17373226371241
2022-10-18 10:15:00,75.43411802751031
2022-10-18 10:30:00,75.43411802751034
2022-10-18 10:45:00,75.43411802751034
2022-10-18 11:00:00,75.43411802751034
2022-10-18 11:15:00,68.26210335828675
2022-10-18 11:30:00,71.20992271500951
2022-10-18 11:45:00,76.00925793593858
2022-10-18 12:00:00,72.7444127758728
2022-10-18 12:15:00,66.58437853659863
2022-10-18 12:30:00,66.58437853659865
2022-10-18 12:45:00,68.14843913089251
2022-10-18 13:00:00,71.06543411121476
2022-10-18 13:15:00,61.907010323594
2022-10-18 13:30:00,65.13305000904955
2022-10-18 13:45:00,65.13305000904955
2022-10-18 14:00:00,65.13305000904955
2022-10-18 14:15:00,68.46828396367496
2022-10-18 14:30:00,70.01283560369329
2022-10-18 14:45:00,71.51545436096583
2022-10-18 15:00:00,71.51545436096583
2022-10-18 15:15:00,73.07989647260825
2022-10-18 15:30:00,62.06666968244804
2022-10-18 15:45:00,58.88131645301089
2022-10-18 16:00:00,58.88131645301088
2022-10-18 16:15:00,61.19124343021556
2022-10-18 16:30:00,63.405171221339074
2022-10-18 16:45:00,65.5232620283729
2022-10-19 10:00:00,67.54616723879958
2022-10-19 10:15:00,63.531729503043934
2022-10-19 10:30:00,65.72544604649492
2022-10-19 10:45:00,61.72670638008064
2022-10-19 11:00:00,66.16097599853875
2022-10-19 11:15:00,69.91472268120539
2022-10-19 11:30:00,69.91472268120538
2022-10-19 11:45:00,61.94533253708764
2022-10-19 12:00:00,61.94533253708764
2022-10-19 12:15:00,61.94533253708764
2022-10-19 12:30:00,68.64189047734764
2022-10-19 12:45:00,68.64189047734764
2022-10-19 13:00:00,72.39742231501776
2022-10-19 13:15:00,64.12667114827748
2022-10-19 13:30:00,66.20551726444485
2022-10-19 13:45:00,68.19065254148077
2022-10-19 14:00:00,68.19065254148077
2022-10-19 14:15:00,63.841386435781224
2022-10-19 14:30:00,63.84138643578123
2022-10-19 14:45:00,63.841386435781224
2022-10-19 15:00:00,63.841386435781224
2022-10-19 15:15:00,66.69829497491395
2022-10-19 15:30:00,56.99849774141603
2022-10-19 15:45:00,65.17877328904743
2022-10-19 16:00:00,65.17877328904744
2022-10-19 16:15:00,69.64367234287538
2022-10-19 16:30:00,71.60421436071641
2022-10-19 16:45:00,62.86008514793495
2022-10-20 10:00:00,79.24062457353622
2022-10-20 10:15:00,80.03102384511612
2022-10-20 10:30:00,82.84470628956836
2022-10-20 10:45:00,71.92995695492658
2022-10-20 11:00:00,75.41778242853144
2022-10-20 11:15:00,72.9764925812118
2022-10-20 11:30:00,73.88680462393012
2022-10-20 11:45:00,76.44980685117959
2022-10-20 12:00:00,71.41728438771361
2022-10-20 12:15:00,71.41728438771362
2022-10-20 12:30:00,71.41728438771362
2022-10-20 12:45:00,65.99162873685755
2022-10-20 13:00:00,63.39816448145309
2022-10-20 13:15:00,67.52187614508344
2022-10-20 13:30:00,68.78434677143134
2022-10-20 13:45:00,68.78434677143134
2022-10-20 14:00:00,70.13089503563673
2022-10-20 14:15:00,70.13089503563673
2022-10-20 14:30:00,70.13089503563673
2022-10-20 14:45:00,71.65788373236718
2022-10-20 15:00:00,58.72534312075744
2022-10-20 15:15:00,56.00411766880472
2022-10-20 15:30:00,58.09527468292757
2022-10-20 15:45:00,61.986831380634555
2022-10-20 16:00:00,61.98683138063454
2022-10-20 16:15:00,58.81930926898327
2022-10-20 16:30:00,62.902329543819405
2022-10-20 16:45:00,59.71430971703069
2022-10-21 10:00:00,56.6237469247296
2022-10-21 10:15:00,50.94473074854255
2022-10-21 10:30:00,61.37447367181109
2022-10-21 10:45:00,66.03991415237591
2022-10-21 11:00:00,67.45120519159941
2022-10-21 11:15:00,68.84549589251813
2022-10-21 11:30:00,70.21933989355591
2022-10-21 11:45:00,71.56950144878375
2022-10-21 12:00:00,72.89298281820832
2022-10-21 12:15:00,75.36318550206461
2022-10-21 12:30:00,65.69278473576438
2022-10-21 12:45:00,68.58673905637053
2022-10-21 13:00:00,68.58673905637053
2022-10-21 13:15:00,65.3882470471756
2022-10-21 13:30:00,68.54743763175343
2022-10-21 13:45:00,65.33628213127606
2022-10-21 14:00:00,68.5132486991391
2022-10-21 14:15:00,62.358402982100216
2022-10-21 14:30:00,62.358402982100216
2022-10-21 14:45:00,64.22218776513068
2022-10-21 15:00:00,67.67003226690609
2022-10-21 15:15:00,70.7098032351451
2022-10-21 15:30:00,72.12124713616903
2022-10-21 15:45:00,72.12124713616905
2022-10-21 16:00:00,79.12207358944548
2022-10-21 16:15:00,81.60886414890103
2022-10-21 16:30:00,75.17981801866132
2022-10-21 16:45:00,76.18982970308134
2022-10-24 10:00:00,45.970845132065165
2022-10-24 10:15:00,40.241321362454116
2022-10-24 10:30:00,38.190911258504244
2022-10-24 10:45:00,34.41414455869535
2022-10-24 11:00:00,32.67425942322434
2022-10-24 11:15:00,30.987125442194063
2022-10-24 11:30:00,29.354796869408716
2022-10-24 11:45:00,34.894892897764066
2022-10-24 12:00:00,38.3650950078723
2022-10-24 12:15:00,37.294706127239444
2022-10-24 12:30:00,36.20682744502615
2022-10-24 12:45:00,32.16513443932159
2022-10-24 13:00:00,31.226658681038664
2022-10-24 13:15:00,31.22665868103867
2022-10-24 13:30:00,29.24730712873169
2022-10-24 13:45:00,29.247307128731688
2022-10-24 14:00:00,25.498362145081355
2022-10-24 14:15:00,27.983662624583765
2022-10-24 14:30:00,32.811189649875104
2022-10-24 14:45:00,31.668125183638736
2022-10-24 15:00:00,30.52298047809042
2022-10-24 15:15:00,29.378895801778526
2022-10-24 15:30:00,32.11898221101838
2022-10-24 15:45:00,32.11898221101837
2022-10-24 16:00:00,30.735908957729148
2022-10-24 16:15:00,30.73590895772915
2022-10-24 16:30:00,42.268471577043364
2022-10-24 16:45:00,38.79070784294818
2022-10-25 10:00:00,30.644699723955053
2022-10-25 10:15:00,30.644699723955053
2022-10-25 10:30:00,29.449307735952633
2022-10-25 10:45:00,41.69574841484671
2022-10-25 11:00:00,38.794882102060974
2022-10-25 11:15:00,38.79488210206098
2022-10-25 11:30:00,38.79488210206098
2022-10-25 11:45:00,45.852521830549605
2022-10-25 12:00:00,53.54441280954604
2022-10-25 12:15:00,46.43994904994484
2022-10-25 12:30:00,50.01138552935445
2022-10-25 12:45:00,48.27795861807787
2022-10-25 13:00:00,50.1391085897123
2022-10-25 13:15:00,50.1391085897123
2022-10-25 13:30:00,46.276624132773215
2022-10-25 13:45:00,46.27662413277322
2022-10-25 14:00:00,48.573899731693885
2022-10-25 14:15:00,52.910858162243024
2022-10-25 14:30:00,52.910858162243024
2022-10-25 14:45:00,55.10632169871006
2022-10-25 15:00:00,57.25266496876703
2022-10-25 15:15:00,51.90752601047404
2022-10-25 15:30:00,43.217224501676235
2022-10-25 15:45:00,41.35325457454358
2022-10-25 16:00:00,46.33821613585037
2022-10-25 16:15:00,46.338216135850374
2022-10-25 16:30:00,46.338216135850374
2022-10-25 16:45:00,38.22258964053338
2022-10-26 10:00:00,25.16828505087752
2022-10-26 10:15:00,27.589466724105776
2022-10-26 10:30:00,27.589466724105776
2022-10-26 10:45:00,23.988824248578812
2022-10-26 11:00:00,35.34725555091155
2022-10-26 11:15:00,37.36322961884904
2022-10-26 11:30:00,32.93886167111604
2022-10-26 11:45:00,32.93886167111604
2022-10-26 12:00:00,32.93886167111603
2022-10-26 12:15:00,32.93886167111604
2022-10-26 12:30:00,35.50688477089339
2022-10-26 12:45:00,34.10059553722755
2022-10-26 13:00:00,32.70561211588423
2022-10-26 13:15:00,30.057285651663136
2022-10-26 13:30:00,35.667320540444756
2022-10-26 13:45:00,29.33294941167856
2022-10-26 14:00:00,31.93647665240978
2022-10-26 14:15:00,36.94040429867007
2022-10-26 14:30:00,39.341678053023
2022-10-26 14:45:00,41.731201194387296
2022-10-26 15:00:00,35.67703572198747
2022-10-26 15:15:00,33.09197484774235
2022-10-26 15:30:00,31.849357603658135
2022-10-26 15:45:00,29.46619625489219
2022-10-26 16:00:00,27.268822945440874
2022-10-26 16:15:00,24.337090294671853
2022-10-26 16:30:00,34.455608705706204
2022-10-26 16:45:00,32.14114726366418
2022-10-27 10:00:00,45.85101012197412
2022-10-27 10:15:00,50.469570151031895
2022-10-27 10:30:00,55.87382627805477
2022-10-27 10:45:00,60.51359282727494
2022-10-27 11:00:00,64.53006643418271
2022-10-27 11:15:00,58.15917481123002
2022-10-27 11:30:00,52.56984793153615
2022-10-27 11:45:00,57.01830584508444
2022-10-27 12:00:00,59.08461952445171
2022-10-27 12:15:00,57.593739530705456
2022-10-27 12:30:00,56.070093080633484
2022-10-27 12:45:00,58.438285878473486
2022-10-27 13:00:00,61.767667020583715
2022-10-27 13:15:00,60.04110505340415
2022-10-27 13:30:00,60.041105053404166
2022-10-27 13:45:00,61.29582878076613
2022-10-27 14:00:00,63.74763247241852
2022-10-27 14:15:00,63.74763247241852
2022-10-27 14:30:00,59.38476209546837
2022-10-27 14:45:00,55.30830144467763
2022-10-27 15:00:00,53.33683161670463
2022-10-27 15:15:00,55.06187279409783
2022-10-27 15:30:00,49.18720484250263
2022-10-27 15:45:00,52.802507775902164
2022-10-27 16:00:00,56.16152139737633
2022-10-27 16:15:00,57.77949328111437
2022-10-27 16:30:00,69.78781501410425
2022-10-27 16:45:00,54.70688693111004
2022-10-28 10:00:00,53.32794650999516
2022-10-28 10:15:00,46.955003108376495
2022-10-28 10:30:00,49.5520136437811
2022-10-28 10:45:00,54.36427209874969
2022-10-28 11:00:00,49.299791897229944
2022-10-28 11:15:00,50.54029405001248
2022-10-28 11:30:00,48.01020382274814
2022-10-28 11:45:00,49.37484752930742
2022-10-28 12:00:00,48.01751722307211
2022-10-28 12:15:00,50.923342099282465
2022-10-28 12:30:00,53.71000379228457
2022-10-28 12:45:00,56.3775040043057
2022-10-28 13:00:00,57.69034312154202
2022-10-28 13:15:00,51.069581242035525
2022-10-28 13:30:00,55.220375792279256
2022-10-28 13:45:00,56.54370657404007
2022-10-28 14:00:00,53.16003716567808
2022-10-28 14:15:00,54.62221968263516
2022-10-28 14:30:00,56.09810625876443
2022-10-28 14:45:00,57.583789694858424
2022-10-28 15:00:00,55.55899006304886
2022-10-28 15:15:00,53.531872536673006
2022-10-28 15:30:00,53.531872536673
2022-10-28 15:45:00,57.1576198882132
2022-10-28 16:00:00,52.72704122758842
2022-10-28 16:15:00,48.66462533115106
2022-10-28 16:30:00,52.597724148259154
2022-10-28 16:45:00,52.59772414825916
2022-10-31 10:00:00,34.307258724643056
2022-10-31 10:15:00,53.26687105022363
2022-10-31 10:30:00,66.77217217452284
2022-10-31 10:45:00,67.94579925653107
2022-10-31 11:00:00,69.12038501603652
2022-10-31 11:15:00,69.717888741197
2022-10-31 11:30:00,65.61599507512504
2022-10-31 11:45:00,68.9002065119782
2022-10-31 12:00:00,68.9002065119782
2022-10-31 12:15:00,62.028917472237
2022-10-31 12:30:00,65.03324766087532
2022-10-31 12:45:00,61.12688217107046
2022-10-31 13:00:00,58.599757457701514
2022-10-31 13:15:00,56.10196039433727
2022-10-31 13:30:00,52.48789169907626
2022-10-31 13:45:00,51.30154336335654
2022-10-31 14:00:00,55.62232498324047
2022-10-31 14:15:00,59.492798033787075
2022-10-31 14:30:00,61.30979907126879
2022-10-31 14:45:00,61.30979907126879
2022-10-31 15:00:00,64.11040565444296
2022-10-31 15:15:00,64.11040565444294
2022-10-31 15:30:00,65.08737674809929
2022-10-31 15:45:00,63.23364841427751
2022-10-31 16:00:00,59.57890798370931
2022-10-31 16:15:00,61.94742768119371
2022-10-31 16:30:00,68.0045121850553
2022-10-31 16:45:00,64.32874400941846
2022-11-01 10:00:00,68.04851428757969
2022-11-01 10:15:00,58.23822544326758
2022-11-01 10:30:00,59.29159477233361
2022-11-01 10:45:00,50.98241653550725
2022-11-01 11:00:00,55.46341954962721
2022-11-01 11:15:00,57.55284377831441
2022-11-01 11:30:00,62.31304682513643
2022-11-01 11:45:00,60.84342626304511
2022-11-01 12:00:00,61.813317088720666
2022-11-01 12:15:00,62.8054773775252
2022-11-01 12:30:00,59.47708687895018
2022-11-01 12:45:00,61.66493723826785
2022-11-01 13:00:00,58.27653204215124
2022-11-01 13:15:00,58.27653204215124
2022-11-01 13:30:00,60.77616620701163
2022-11-01 13:45:00,60.77616620701164
2022-11-01 14:00:00,58.73566291865542
2022-11-01 14:15:00,60.175582102656435
2022-11-01 14:30:00,62.95949011395643
2022-11-01 14:45:00,62.95949011395643
2022-11-01 15:00:00,69.20173821368857
2022-11-01 15:15:00,70.28048728025124
2022-11-01 15:30:00,61.066604663649684
2022-11-01 15:45:00,61.066604663649684
2022-11-01 16:00:00,58.83036260272827
2022-11-01 16:15:00,58.83036260272827
2022-11-01 16:30:00,50.28748284600268
2022-11-01 16:45:00,46.64060176999566
2022-11-03 10:00:00,28.705559861664888
2022-11-03 10:15:00,23.282189326254013
2022-11-03 10:30:00,40.70774852638894
2022-11-03 10:45:00,38.532635528968726
2022-11-03 11:00:00,39.68944410776884
2022-11-03 11:15:00,44.2121775570232
2022-11-03 11:30:00,45.31623273742428
2022-11-03 11:45:00,48.602474557905566
2022-11-03 12:00:00,50.728320940539874
2022-11-03 12:15:00,51.801755507311285
2022-11-03 12:30:00,51.8017555073113
2022-11-03 12:45:00,52.98955181922831
2022-11-03 13:00:00,52.98955181922832
2022-11-03 13:15:00,52.98955181922831
2022-11-03 13:30:00,52.98955181922831
2022-11-03 13:45:00,55.91233487228331
2022-11-03 14:00:00,57.340481586422854
2022-11-03 14:15:00,58.77849921000613
2022-11-03 14:30:00,56.71945810528191
2022-11-03 14:45:00,59.75588990452504
2022-11-03 15:00:00,59.75588990452504
2022-11-03 15:15:00,57.41989130351427
2022-11-03 15:30:00,57.41989130351427
2022-11-03 15:45:00,59.26665489255235
2022-11-03 16:00:00,61.0843198966115
2022-11-03 16:15:00,58.28344527544903
2022-11-03 16:30:00,60.246463703157346
2022-11-03 16:45:00,46.19933402778872
2022-11-04 10:00:00,68.56409778526573
2022-11-04 10:15:00,65.13367233213059
2022-11-04 10:30:00,56.07029610687127
2022-11-04 10:45:00,56.07029610687127
2022-11-04 11:00:00,59.35034752132019
2022-11-04 11:15:00,53.60338922778381
2022-11-04 11:30:00,57.98472623786807
2022-11-04 11:45:00,62.72334755785429
2022-11-04 12:00:00,57.16845186522197
2022-11-04 12:15:00,58.1659257511804
2022-11-04 12:30:00,58.1659257511804
2022-11-04 12:45:00,55.184954330593015
2022-11-04 13:00:00,55.184954330593015
2022-11-04 13:15:00,55.184954330593015
2022-11-04 13:30:00,55.18495433059303
2022-11-04 13:45:00,51.626199600316646
2022-11-04 14:00:00,51.626199600316646
2022-11-04 14:15:00,53.36994342804362
2022-11-04 14:30:00,53.36994342804362
2022-11-04 14:45:00,56.967964687743724
2022-11-04 15:00:00,54.695465215142306
2022-11-04 15:15:00,56.56155296265878
2022-11-04 15:30:00,56.56155296265878
2022-11-04 15:45:00,51.628878653323795
2022-11-04 16:00:00,47.19632517327402
2022-11-04 16:15:00,47.19632517327402
2022-11-04 16:30:00,47.19632517327401
2022-11-04 16:45:00,35.70909265973587
2022-11-07 10:00:00,29.307483039207995
2022-11-07 10:15:00,26.265027972989806
2022-11-07 10:30:00,31.379413917497246
2022-11-07 10:45:00,36.148914910307695
2022-11-07 11:00:00,33.63152889771153
2022-11-07 11:15:00,32.41599090186856
2022-11-07 11:30:00,37.29715964044992
2022-11-07 11:45:00,23.555920510828987
2022-11-07 12:00:00,25.52584308848908
2022-11-07 12:15:00,23.564016740194717
2022-11-07 12:30:00,23.564016740194717
2022-11-07 12:45:00,22.242300347501658
2022-11-07 13:00:00,22.242300347501658
2022-11-07 13:15:00,24.69176290998497
2022-11-07 13:30:00,23.881594319496386
2022-11-07 13:45:00,31.177203441489237
2022-11-07 14:00:00,31.177203441489244
2022-11-07 14:15:00,31.177203441489244
2022-11-07 14:30:00,28.872971720891076
2022-11-07 14:45:00,34.116798894360095
2022-11-07 15:00:00,32.814143718885866
2022-11-07 15:15:00,35.467669001248716
2022-11-07 15:30:00,34.02065501879042
2022-11-07 15:45:00,34.02065501879042
2022-11-07 16:00:00,37.00150173998751
2022-11-07 16:15:00,42.588109400963006
2022-11-07 16:30:00,42.58810940096301
2022-11-07 16:45:00,42.58810940096301
2022-11-07 17:00:00,42.58810940096301
2022-11-07 17:15:00,45.819361426941576
2022-11-07 17:30:00,45.819361426941576
2022-11-07 17:45:00,49.13923280222701
2022-11-08 10:00:00,36.94852478490694
2022-11-08 10:15:00,40.14670757567706
2022-11-08 10:30:00,46.0416720505605
2022-11-08 10:45:00,43.722906401632464
2022-11-08 11:00:00,41.47353333432828
2022-11-08 11:15:00,41.47353333432828
2022-11-08 11:30:00,41.47353333432828
2022-11-08 11:45:00,41.47353333432828
2022-11-08 12:00:00,41.47353333432828
2022-11-08 12:15:00,36.09403998110246
2022-11-08 12:30:00,47.164635615488635
2022-11-08 12:45:00,53.0090053933189
2022-11-08 13:00:00,63.79205395082131
2022-11-08 13:15:00,67.04920224395643
2022-11-08 13:30:00,61.12739565776035
2022-11-08 13:45:00,61.12739565776034
2022-11-08 14:00:00,58.149262018295985
2022-11-08 14:15:00,58.149262018296
2022-11-08 14:30:00,58.149262018295985
2022-11-08 14:45:00,58.149262018296
2022-11-08 15:00:00,58.149262018295985
2022-11-08 15:15:00,40.85147072125931
2022-11-08 15:30:00,53.31468759220004
2022-11-08 15:45:00,51.00010872908245
2022-11-08 16:00:00,57.02740613013367
2022-11-08 16:15:00,45.08320807268655
2022-11-08 16:30:00,50.648966097449964
2022-11-08 16:45:00,50.648966097449964
2022-11-08 17:00:00,52.50965018115081
2022-11-08 17:15:00,59.14503223706301
2022-11-08 17:30:00,57.00082670655882
2022-11-08 17:45:00,52.872335951449486
2022-11-09 10:00:00,29.066697444591462
2022-11-09 10:15:00,26.058314919166296
2022-11-09 10:30:00,25.490085981675982
2022-11-09 10:45:00,30.39386062142993
2022-11-09 11:00:00,39.0357090907942
2022-11-09 11:15:00,40.36462196778477
2022-11-09 11:30:00,40.36462196778477
2022-11-09 11:45:00,44.56866310871457
2022-11-09 12:00:00,43.468638385816135
2022-11-09 12:15:00,42.34315083939658
2022-11-09 12:30:00,41.19449860440023
2022-11-09 12:45:00,35.9441483540479
2022-11-09 13:00:00,37.65558676822183
2022-11-09 13:15:00,36.60242046513115
2022-11-09 13:30:00,38.456110680089964
2022-11-09 13:45:00,36.17775870778825
2022-11-09 14:00:00,33.01781244813222
2022-11-09 14:15:00,31.069469934194316
2022-11-09 14:30:00,27.565949562250463
2022-11-09 14:45:00,33.61244110342508
2022-11-09 15:00:00,29.232571929082386
2022-11-09 15:15:00,25.63522080276668
2022-11-09 15:30:00,27.555377346698513
2022-11-09 15:45:00,24.797231569501026
2022-11-09 16:00:00,26.770656836437688
2022-11-09 16:15:00,26.03491129070912
2022-11-09 16:30:00,23.911736859903566
2022-11-09 16:45:00,23.231636802922242
2022-11-09 17:00:00,31.610683769026004
2022-11-09 17:15:00,29.85600078347818
2022-11-09 17:30:00,28.1719090803073
2022-11-09 17:45:00,39.24399074771834
2022-11-10 10:00:00,27.734052714558725
2022-11-10 10:15:00,26.613269860059503
2022-11-10 10:30:00,32.48944210909775
2022-11-10 10:45:00,29.91026085078016
2022-11-10 11:00:00,25.084998870550006
2022-11-10 11:15:00,27.86977417269917
2022-11-10 11:30:00,22.840793861278787
2022-11-10 11:45:00,27.933316973616982
2022-11-10 12:00:00,26.97467558372462
2022-11-10 12:15:00,36.379966523738084
2022-11-10 12:30:00,37.46419836457998
2022-11-10 12:45:00,37.46419836457997
2022-11-10 13:00:00,38.67626426728491
2022-11-10 13:15:00,37.88548540495874
2022-11-10 13:30:00,37.88548540495874
2022-11-10 13:45:00,40.69790386533901
2022-11-10 14:00:00,37.924086187986106
2022-11-10 14:15:00,34.54347436133464
2022-11-10 14:30:00,33.733873274120036
2022-11-10 14:45:00,38.39835418105122
2022-11-10 15:00:00,37.452007499959684
2022-11-10 15:15:00,36.48368280476591
2022-11-10 15:30:00,38.20431768035929
2022-11-10 15:45:00,34.21198799363072
2022-11-10 16:00:00,34.21198799363073
2022-11-10 16:15:00,39.69359643677674
2022-11-10 16:30:00,38.540818619484064
2022-11-10 16:45:00,38.540818619484064
2022-11-10 17:00:00,42.41963262229004
2022-11-10 17:15:00,41.02544826305312
2022-11-10 17:30:00,43.041476943221994
2022-11-10 17:45:00,51.89604757550713
2022-11-11 10:00:00,38.878414818159136
2022-11-11 10:15:00,61.66241082156697
2022-11-11 10:30:00,59.49130601893127
2022-11-11 10:45:00,58.384397379031896
2022-11-11 11:00:00,47.0671227670571
2022-11-11 11:15:00,42.6187567304695
2022-11-11 11:30:00,42.61875673046949
2022-11-11 11:45:00,40.40438398940252
2022-11-11 12:00:00,38.95138188140069
2022-11-11 12:15:00,43.34001136672304
2022-11-11 12:30:00,46.449321237231615
2022-11-11 12:45:00,43.056581914217176
2022-11-11 13:00:00,38.5124754559269
2022-11-11 13:15:00,39.65556333002121
2022-11-11 13:30:00,43.074606529249785
2022-11-11 13:45:00,44.20933593665527
2022-11-11 14:00:00,40.71336404485814
2022-11-11 14:15:00,41.949272489250085
2022-11-11 14:30:00,43.223889792644115
2022-11-11 14:45:00,38.65385370621775
2022-11-11 15:00:00,40.019753094110435
2022-11-11 15:15:00,44.04485939138004
2022-11-11 15:30:00,45.3610976187454
2022-11-11 15:45:00,51.50376776483409
2022-11-11 16:00:00,52.65030224157986
2022-11-11 16:15:00,50.09921830238232
2022-11-11 16:30:00,50.09921830238232
2022-11-11 16:45:00,47.43370824970824
2022-11-11 17:00:00,42.556916532409325
2022-11-11 17:15:00,40.32452153605482
2022-11-11 17:30:00,39.216807122428456
2022-11-11 17:45:00,42.612220709332185
2022-11-11 18:00:00,42.61222070933218
2022-11-14 10:00:00,53.219648113182274
2022-11-14 10:15:00,57.99729989411154
2022-11-14 10:30:00,50.987446037110054
2022-11-14 10:45:00,49.69379241402533
2022-11-14 11:00:00,49.693792414025324
2022-11-14 11:15:00,49.693792414025324
2022-11-14 11:30:00,41.75478353701506
2022-11-14 11:45:00,40.59085640137835
2022-11-14 12:00:00,40.59085640137835
2022-11-14 12:15:00,48.85769118599488
2022-11-14 12:30:00,48.85769118599489
2022-11-14 12:45:00,51.958881604839966
2022-11-14 13:00:00,51.958881604839966
2022-11-14 13:15:00,47.00079681280746
2022-11-14 13:30:00,45.44413100228876
2022-11-14 13:45:00,45.444131002288756
2022-11-14 14:00:00,51.08123761890141
2022-11-14 14:15:00,52.83082827215401
2022-11-14 14:30:00,52.83082827215401
2022-11-14 14:45:00,50.72672440314756
2022-11-14 15:00:00,50.72672440314755
2022-11-14 15:15:00,52.90217858449158
2022-11-14 15:30:00,55.039896947309984
2022-11-14 15:45:00,50.138337464964266
2022-11-14 16:00:00,52.41992168997926
2022-11-14 16:15:00,54.6544659187143
2022-11-14 16:30:00,60.62830897856688
2022-11-14 16:45:00,70.42035953653122
2022-11-14 17:00:00,65.4144830303165
2022-11-14 17:15:00,63.0029272634613
2022-11-14 17:30:00,60.59712409507102
2022-11-14 17:45:00,58.20362069140719
2022-11-16 10:00:00,47.99566575740665
2022-11-16 10:15:00,53.28915899535048
2022-11-16 10:30:00,43.70690723772697
2022-11-16 10:45:00,42.340384259323145
2022-11-16 11:00:00,42.34038425932315
2022-11-16 11:15:00,38.18638831154009
2022-11-16 11:30:00,36.88726274049727
2022-11-16 11:45:00,35.583565655385534
2022-11-16 12:00:00,31.93687727761744
2022-11-16 12:15:00,29.748098713778674
2022-11-16 12:30:00,32.24835156540158
2022-11-16 12:45:00,28.92274206967799
2022-11-16 13:00:00,27.890266407566173
2022-11-16 13:15:00,27.890266407566173
2022-11-16 13:30:00,30.75698900548318
2022-11-16 13:45:00,29.49424937691598
2022-11-16 14:00:00,28.245421082988575
2022-11-16 14:15:00,31.374631412692395
2022-11-16 14:30:00,39.84945454034029
2022-11-16 14:45:00,38.157870752058535
2022-11-16 15:00:00,36.489752867620695
2022-11-16 15:15:00,33.3496190081737
2022-11-16 15:30:00,31.872719167499525
2022-11-16 15:45:00,27.88329512716657
2022-11-16 16:00:00,36.44960919989111
2022-11-16 16:15:00,39.048602813510655
2022-11-16 16:30:00,43.98286851297822
2022-11-16 16:45:00,48.47489620507171
2022-11-16 17:00:00,46.4684193841133
2022-11-16 17:15:00,46.46841938411329
2022-11-16 17:30:00,55.09171188520696
2022-11-16 17:45:00,55.09171188520696
2022-11-17 10:00:00,32.39565379815985
2022-11-17 10:15:00,34.337761346802225
2022-11-17 10:30:00,33.3073205626537
2022-11-17 10:45:00,33.3073205626537
2022-11-17 11:00:00,29.237126582284866
2022-11-17 11:15:00,26.610631794453482
2022-11-17 11:30:00,36.80091146158031
2022-11-17 11:45:00,35.732279030898304
2022-11-17 12:00:00,41.244472388147344
2022-11-17 12:15:00,47.687109647960106
2022-11-17 12:30:00,47.6871096479601
2022-11-17 12:45:00,47.6871096479601
2022-11-17 13:00:00,40.71679205515214
2022-11-17 13:15:00,47.34730112964446
2022-11-17 13:30:00,50.338138897133135
2022-11-17 13:45:00,51.812030463569855
2022-11-17 14:00:00,47.27873211146887
2022-11-17 14:15:00,47.27873211146887
2022-11-17 14:30:00,47.27873211146886
2022-11-17 14:45:00,49.131682777453136
2022-11-17 15:00:00,54.318750552799344
2022-11-17 15:15:00,50.613366715709496
2022-11-17 15:30:00,48.8201322778464
2022-11-17 15:45:00,48.8201322778464
2022-11-17 16:00:00,52.706737921431404
2022-11-17 16:15:00,52.706737921431404
2022-11-17 16:30:00,50.483626480307834
2022-11-17 16:45:00,58.097114973271744
2022-11-17 17:00:00,64.04989356010518
2022-11-17 17:15:00,65.3742347195052
2022-11-17 17:30:00,69.05695461923537
2022-11-17 17:45:00,71.25212615416412
2022-11-17 18:00:00,71.25212615416412
2022-11-18 10:00:00,79.01987741566077
2022-11-18 10:15:00,81.4224679625241
2022-11-18 10:30:00,81.97811207773582
2022-11-18 10:45:00,85.29391366330749
2022-11-18 11:00:00,78.61789474879953
2022-11-18 11:15:00,76.46932141582387
2022-11-18 11:30:00,64.99235796301839
2022-11-18 11:45:00,63.28748878697511
2022-11-18 12:00:00,61.54875645008055
2022-11-18 12:15:00,62.65371740071656
2022-11-18 12:30:00,55.752219269688965
2022-11-18 12:45:00,61.466134629990165
2022-11-18 13:00:00,62.50889666329211
2022-11-18 13:15:00,54.55896420531812
2022-11-18 13:30:00,56.91917242120119
2022-11-18 13:45:00,49.93617247134799
2022-11-18 14:00:00,47.42961462044493
2022-11-18 14:15:00,44.99722630440734
2022-11-18 14:30:00,44.99722630440734
2022-11-18 14:45:00,49.5024298734085
2022-11-18 15:00:00,52.307070693722515
2022-11-18 15:15:00,48.00052827552091
2022-11-18 15:30:00,41.820493532147026
2022-11-18 15:45:00,47.62955334060061
2022-11-18 16:00:00,49.00051803797017
2022-11-18 16:15:00,50.39886922231599
2022-11-18 16:30:00,53.164777395665894
2022-11-18 16:45:00,55.81801467494031
2022-11-18 17:00:00,54.165737695783136
2022-11-18 17:15:00,54.165737695783136
2022-11-18 17:30:00,57.11055435801098
2022-11-18 17:45:00,57.11055435801099
2022-11-21 10:00:00,68.75244329537679
2022-11-21 10:15:00,68.75244329537679
2022-11-21 10:30:00,70.60329264365389
2022-11-21 10:45:00,68.42106758017198
2022-11-21 11:00:00,62.20903159178729
2022-11-21 11:15:00,64.52163488607846
2022-11-21 11:30:00,52.428627110034675
2022-11-21 11:45:00,50.959232341420766
2022-11-21 12:00:00,49.46621995253407
2022-11-21 12:15:00,40.517415925906995
2022-11-21 12:30:00,40.51741592590701
2022-11-21 12:45:00,40.517415925907
2022-11-21 13:00:00,42.37738302243847
2022-11-21 13:15:00,40.99683829195421
2022-11-21 13:30:00,49.80234696179356
2022-11-21 13:45:00,52.83448140368009
2022-11-21 14:00:00,55.71522227112725
2022-11-21 14:15:00,52.27669564505511
2022-11-21 14:30:00,52.27669564505511
2022-11-21 14:45:00,50.47045698971423
2022-11-21 15:00:00,55.44413659933712
2022-11-21 15:15:00,56.9943877019127
2022-11-21 15:30:00,51.23507690424511
2022-11-21 15:45:00,49.44160565782919
2022-11-21 16:00:00,49.44160565782919
2022-11-21 16:15:00,47.51272084403214
2022-11-21 16:30:00,47.51272084403213
2022-11-21 16:45:00,49.78477414086242
2022-11-21 17:00:00,47.56730451488498
2022-11-21 17:15:00,52.157099804584206
2022-11-21 17:30:00,47.663808685948084
2022-11-21 17:45:00,49.983953898220335
2022-11-22 10:00:00,65.0157969024774
2022-11-22 10:15:00,69.41534992308509
2022-11-22 10:30:00,65.01293444263727
2022-11-22 10:45:00,57.199492899752315
2022-11-22 11:00:00,57.199492899752315
2022-11-22 11:15:00,57.19949289975232
2022-11-22 11:30:00,46.68743148816536
2022-11-22 11:45:00,46.68743148816535
2022-11-22 12:00:00,50.22386117644098
2022-11-22 12:15:00,55.041389172545884
2022-11-22 12:30:00,56.550937028432216
2022-11-22 12:45:00,51.01676268312077
2022-11-22 13:00:00,42.135480631677694
2022-11-22 13:15:00,38.52427721196419
2022-11-22 13:30:00,37.374425194514146
2022-11-22 13:45:00,44.50909581629156
2022-11-22 14:00:00,47.7164154724908
2022-11-22 14:15:00,47.71641547249081
2022-11-22 14:30:00,51.000975796758254
2022-11-22 14:45:00,49.332203469229064
2022-11-22 15:00:00,49.33220346922907
2022-11-22 15:15:00,49.332203469229064
2022-11-22 15:30:00,47.39530019874419
2022-11-22 15:45:00,43.69981320579796
2022-11-22 16:00:00,38.811362589315415
2022-11-22 16:15:00,33.440033350228205
2022-11-22 16:30:00,30.07789020551789
2022-11-22 16:45:00,30.077890205517892
2022-11-22 17:00:00,28.952548516363517
2022-11-22 17:15:00,34.25090863052249
2022-11-22 17:30:00,34.25090863052249
2022-11-22 17:45:00,43.946895181644436
2022-11-23 10:00:00,36.66773845321576
2022-11-23 10:15:00,35.404666590779655
2022-11-23 10:30:00,37.71519200011345
2022-11-23 10:45:00,35.01740162442158
2022-11-23 11:00:00,35.01740162442158
2022-11-23 11:15:00,33.6227538741388
2022-11-23 11:30:00,41.18999801092684
2022-11-23 11:45:00,36.685950395761544
2022-11-23 12:00:00,41.294688436937754
2022-11-23 12:15:00,45.56213142451242
2022-11-23 12:30:00,49.51436697142182
2022-11-23 12:45:00,41.41854050557145
2022-11-23 13:00:00,37.46083605776493
2022-11-23 13:15:00,45.00628441335823
2022-11-23 13:30:00,46.736450428450645
2022-11-23 13:45:00,41.15845162430049
2022-11-23 14:00:00,42.9903270357667
2022-11-23 14:15:00,42.99032703576669
2022-11-23 14:30:00,42.99032703576669
2022-11-23 14:45:00,42.99032703576668
2022-11-23 15:00:00,38.19244769738946
2022-11-23 15:15:00,40.57325341172026
2022-11-23 15:30:00,38.95720314729918
2022-11-23 15:45:00,37.354890777612994
2022-11-23 16:00:00,50.50804610539713
2022-11-23 16:15:00,46.96800488332443
2022-11-23 16:30:00,46.96800488332444
2022-11-23 16:45:00,49.03921074979821
2022-11-23 17:00:00,47.05986937812226
2022-11-23 17:15:00,51.29409079248983
2022-11-23 17:30:00,49.176225023978255
2022-11-23 17:45:00,51.339884511253274
2022-11-23 18:00:00,51.339884511253274
2022-11-24 10:00:00,65.11783863632863
2022-11-24 10:15:00,66.39858707498625
2022-11-24 10:30:00,70.98732172841198
2022-11-24 10:45:00,72.97461508747229
2022-11-24 11:00:00,73.93594152966719
2022-11-24 11:15:00,75.79073390928444
2022-11-24 11:30:00,81.47081217668834
2022-11-24 11:45:00,83.0745348191509
2022-11-24 12:00:00,85.35033443894709
2022-11-24 12:15:00,86.52138242605363
2022-11-24 12:30:00,73.81289409681561
2022-11-24 12:45:00,71.91690912210406
2022-11-24 13:00:00,72.67283958504804
2022-11-24 13:15:00,70.62553079985817
2022-11-24 13:30:00,72.30593079735105
2022-11-24 13:45:00,68.109909978956
2022-11-24 14:00:00,66.04611902895992
2022-11-24 14:15:00,69.07365893697028
2022-11-24 14:30:00,70.03285899148047
2022-11-24 14:45:00,67.76926711799045
2022-11-24 15:00:00,67.76926711799045
2022-11-24 15:15:00,67.76926711799045
2022-11-24 15:30:00,62.70644686485791
2022-11-24 15:45:00,67.87549773514336
2022-11-24 16:00:00,59.05985284902218
2022-11-24 16:15:00,61.73586250578514
2022-11-24 16:30:00,57.675940893244594
2022-11-24 16:45:00,59.123410552942644
2022-11-24 17:00:00,59.123410552942644
2022-11-24 17:15:00,56.86783080565242
2022-11-24 17:30:00,60.142890266325075
2022-11-24 17:45:00,53.571899229373145
2022-11-25 10:00:00,46.30718723075454
2022-11-25 10:15:00,37.98606961154752
2022-11-25 10:30:00,35.68424016766179
2022-11-25 10:45:00,43.10937229119931
2022-11-25 11:00:00,40.586347935307664
2022-11-25 11:15:00,42.40151049841316
2022-11-25 11:30:00,42.40151049841316
2022-11-25 11:45:00,38.32743006777268
2022-11-25 12:00:00,40.38368440567103
2022-11-25 12:15:00,44.37803165789755
2022-11-25 12:30:00,48.12132807715743
2022-11-25 12:45:00,48.12132807715743
2022-11-25 13:00:00,48.12132807715742
2022-11-25 13:15:00,46.18048505757379
2022-11-25 13:30:00,39.34476276310653
2022-11-25 13:45:00,39.34476276310653
2022-11-25 14:00:00,33.58006185899897
2022-11-25 14:15:00,40.60851826546011
2022-11-25 14:30:00,39.12240977634235
2022-11-25 14:45:00,39.12240977634235
2022-11-25 15:00:00,31.181780813922433
2022-11-25 15:15:00,31.181780813922433
2022-11-25 15:30:00,28.913106404272654
2022-11-25 15:45:00,31.593053083741136
2022-11-25 16:00:00,34.261987309894664
2022-11-25 16:15:00,34.261987309894664
2022-11-25 16:30:00,32.77878667105399
2022-11-25 16:45:00,31.31870922638027
2022-11-25 17:00:00,37.33113245621659
2022-11-25 17:15:00,40.15220303478798
2022-11-25 17:30:00,38.2956953644774
2022-11-25 17:45:00,38.2956953644774
2022-11-28 10:00:00,46.846548734483875
2022-11-28 10:15:00,44.62655968002741
2022-11-28 10:30:00,38.70133153064494
2022-11-28 10:45:00,46.36975571446741
2022-11-28 11:00:00,44.37690166689131
2022-11-28 11:15:00,40.61710522765572
2022-11-28 11:30:00,38.84497010009275
2022-11-28 11:45:00,38.84497010009275
2022-11-28 12:00:00,38.84497010009275
2022-11-28 12:15:00,38.844970100092745
2022-11-28 12:30:00,36.69171908997952
2022-11-28 12:45:00,34.62476250481097
2022-11-28 13:00:00,38.363994924144514
2022-11-28 13:15:00,38.363994924144514
2022-11-28 13:30:00,33.8704461448508
2022-11-28 13:45:00,37.793770392551096
2022-11-28 14:00:00,33.51156058803037
2022-11-28 14:15:00,40.74221816842278
2022-11-28 14:30:00,38.48841311204999
2022-11-28 14:45:00,32.652668289460046
2022-11-28 15:00:00,32.652668289460046
2022-11-28 15:15:00,36.38170310917292
2022-11-28 15:30:00,36.38170310917292
2022-11-28 15:45:00,30.50495524132179
2022-11-28 16:00:00,37.72680732872325
2022-11-28 16:15:00,33.92964825713279
2022-11-28 16:30:00,33.92964825713279
2022-11-28 16:45:00,40.835814008037445
2022-11-28 17:00:00,38.65988072119895
2022-11-28 17:15:00,44.974967797846
2022-11-28 17:30:00,50.46678334468807
2022-11-28 17:45:00,45.568895639185165
2022-11-29 10:00:00,41.25684460728192
2022-11-29 10:15:00,31.597050483771604
2022-11-29 10:30:00,28.05947229164736
2022-11-29 10:45:00,33.41188563825031
2022-11-29 11:00:00,38.35139657941243
2022-11-29 11:15:00,53.28040541780793
2022-11-29 11:30:00,56.13997889890523
2022-11-29 11:45:00,58.852249265933544
2022-11-29 12:00:00,58.852249265933544
2022-11-29 12:15:00,61.60583578999817
2022-11-29 12:30:00,61.60583578999817
2022-11-29 12:45:00,55.181784576920464
2022-11-29 13:00:00,55.181784576920464
2022-11-29 13:15:00,56.918490034787084
2022-11-29 13:30:00,54.63838856228801
2022-11-29 13:45:00,54.638388562288
2022-11-29 14:00:00,54.638388562288
2022-11-29 14:15:00,58.76463095107396
2022-11-29 14:30:00,51.235978647981405
2022-11-29 14:45:00,55.34349570267605
2022-11-29 15:00:00,57.28105528328856
2022-11-29 15:15:00,57.28105528328856
2022-11-29 15:30:00,57.28105528328856
2022-11-29 15:45:00,54.336523534842165
2022-11-29 16:00:00,48.92016030069427
2022-11-29 16:15:00,42.13533961982051
2022-11-29 16:30:00,40.13704584391914
2022-11-29 16:45:00,40.13704584391914
2022-11-29 17:00:00,48.61581700592673
2022-11-29 17:15:00,51.10197931268181
2022-11-29 17:30:00,48.57114869425908
2022-11-29 17:45:00,51.17520556690162
2022-11-30 10:00:00,43.980546761876454
2022-11-30 10:15:00,49.116499430923795
2022-11-30 10:30:00,49.11649943092379
2022-11-30 10:45:00,49.11649943092378
2022-11-30 11:00:00,46.45666715654375
2022-11-30 11:15:00,46.45666715654375
2022-11-30 11:30:00,43.71136244916763
2022-11-30 11:45:00,38.77598852600202
2022-11-30 12:00:00,38.77598852600201
2022-11-30 12:15:00,36.39320085562541
2022-11-30 12:30:00,43.82781543721237
2022-11-30 12:45:00,43.827815437212365
2022-11-30 13:00:00,50.53339594542191
2022-11-30 13:15:00,50.53339594542191
2022-11-30 13:30:00,44.38799824094994
2022-11-30 13:45:00,44.38799824094994
2022-11-30 14:00:00,48.0514014071524
2022-11-30 14:15:00,35.469934859788715
2022-11-30 14:30:00,33.57639705661852
2022-11-30 14:45:00,43.34740439572738
2022-11-30 15:00:00,46.188932444660814
2022-11-30 15:15:00,43.82188029307156
2022-11-30 15:30:00,51.801928290818644
2022-11-30 15:45:00,54.14039936049303
2022-11-30 16:00:00,49.01800886506787
2022-11-30 16:15:00,49.01800886506787
2022-11-30 16:30:00,51.66962564228299
2022-11-30 16:45:00,51.66962564228299
2022-11-30 17:00:00,62.868528878636134
2022-11-30 17:15:00,71.42519426551934
2022-11-30 17:30:00,73.6083855072706
2022-11-30 17:45:00,70.69980301675888
2022-12-01 10:00:00,48.15760211953593
2022-12-01 10:15:00,52.596748789431246
2022-12-01 10:30:00,56.59895349661672
2022-12-01 10:45:00,56.59895349661672
2022-12-01 11:00:00,59.25849254311177
2022-12-01 11:15:00,59.25849254311177
2022-12-01 11:30:00,51.88389828345918
2022-12-01 11:45:00,51.88389828345918
2022-12-01 12:00:00,42.65031273261061
2022-12-01 12:15:00,37.81824933925399
2022-12-01 12:30:00,43.031307849850684
2022-12-01 12:45:00,50.482440864588675
2022-12-01 13:00:00,50.482440864588675
2022-12-01 13:15:00,51.94046591476017
2022-12-01 13:30:00,50.34407657366573
2022-12-01 13:45:00,48.73111503925796
2022-12-01 14:00:00,42.82122508736607
2022-12-01 14:15:00,47.92239720013068
2022-12-01 14:30:00,46.43527525119855
2022-12-01 14:45:00,48.16746391172596
2022-12-01 15:00:00,51.542598636096024
2022-12-01 15:15:00,46.63696739290602
2022-12-01 15:30:00,48.3999268871832
2022-12-01 15:45:00,46.7370954227358
2022-12-01 16:00:00,48.63745062145859
2022-12-01 16:15:00,46.83778839678797
2022-12-01 16:30:00,43.38054555304281
2022-12-01 16:45:00,43.38054555304281
2022-12-01 17:00:00,38.444004517006206
2022-12-01 17:15:00,43.09327446462517
2022-12-01 17:30:00,49.28138079942598
2022-12-01 17:45:00,47.429938583203885
2022-12-02 10:00:00,45.585604075230954
2022-12-02 10:15:00,47.77270752329603
2022-12-02 10:30:00,32.363306255505535
2022-12-02 10:45:00,39.94873384849446
2022-12-02 11:00:00,50.426526089107156
2022-12-02 11:15:00,54.12113267026587
2022-12-02 11:30:00,63.02424469702876
2022-12-02 11:45:00,63.024244697028756
2022-12-02 12:00:00,54.80178155130514
2022-12-02 12:15:00,51.20463409763708
2022-12-02 12:30:00,47.824029247716794
2022-12-02 12:45:00,43.682889198991326
2022-12-02 13:00:00,49.56217777956687
2022-12-02 13:15:00,48.47226338169814
2022-12-02 13:30:00,51.89032854253418
2022-12-02 13:45:00,53.00928894183197
2022-12-02 14:00:00,55.25100346671119
2022-12-02 14:15:00,55.25100346671119
2022-12-02 14:30:00,53.76370926772802
2022-12-02 14:45:00,53.76370926772803
2022-12-02 15:00:00,52.13604742026621
2022-12-02 15:15:00,53.64729199433275
2022-12-02 15:30:00,53.64729199433275
2022-12-02 15:45:00,49.98647460457248
2022-12-02 16:00:00,51.75903458308221
2022-12-02 16:15:00,53.532597307200135
2022-12-02 16:30:00,49.6046334270543
2022-12-02 16:45:00,53.2952183237829
2022-12-02 17:00:00,46.034166235556775
2022-12-02 17:15:00,49.72257480867675
2022-12-02 17:30:00,49.72257480867673
2022-12-02 17:45:00,51.639267016669734
2022-12-05 10:00:00,38.872155705373736
2022-12-05 10:15:00,38.87215570537373
2022-12-05 10:30:00,36.27203297051656
2022-12-05 10:45:00,31.704416165375466
2022-12-05 11:00:00,30.664777843985174
2022-12-05 11:15:00,28.641859257751406
2022-12-05 11:30:00,31.089668709761487
2022-12-05 11:45:00,29.982075072438914
2022-12-05 12:00:00,32.56914236151546
2022-12-05 12:15:00,37.53982848793116
2022-12-05 12:30:00,39.924400583856226
2022-12-05 12:45:00,39.92440058385623
2022-12-05 13:00:00,33.91738211257269
2022-12-05 13:15:00,36.49006878867926
2022-12-05 13:30:00,36.49006878867925
2022-12-05 13:45:00,33.467844045146414
2022-12-05 14:00:00,36.30830966748365
2022-12-05 14:15:00,41.671841754529076
2022-12-05 14:30:00,41.671841754529076
2022-12-05 14:45:00,39.731652445881274
2022-12-05 15:00:00,42.60923700133538
2022-12-05 15:15:00,40.52545906025454
2022-12-05 15:30:00,43.501046819445264
2022-12-05 15:45:00,41.27704592861737
2022-12-05 16:00:00,37.18264635001542
2022-12-05 16:15:00,35.297355037681626
2022-12-05 16:30:00,33.469778029534694
2022-12-05 16:45:00,36.98353900664797
2022-12-05 17:00:00,43.419783415305204
2022-12-05 17:15:00,37.270558706810206
2022-12-05 17:30:00,40.30536808899304
2022-12-05 17:45:00,40.30536808899305
2022-12-06 10:00:00,46.32825958567713
2022-12-06 10:15:00,51.5884714823626
2022-12-06 10:30:00,46.66333757921037
2022-12-06 10:45:00,51.63582662292321
2022-12-06 11:00:00,46.92460723513013
2022-12-06 11:15:00,42.72640609755303
2022-12-06 11:30:00,40.76268387727637
2022-12-06 11:45:00,40.76268387727637
2022-12-06 12:00:00,46.46938687481501
2022-12-06 12:15:00,44.17773808127156
2022-12-06 12:30:00,44.17773808127155
2022-12-06 12:45:00,44.17773808127155
2022-12-06 13:00:00,44.177738081271556
2022-12-06 13:15:00,41.429647225353236
2022-12-06 13:30:00,41.429647225353236
2022-12-06 13:45:00,38.64188767984404
2022-12-06 14:00:00,42.78777591870746
2022-12-06 14:15:00,39.88545872204077
2022-12-06 14:30:00,39.88545872204076
2022-12-06 14:45:00,39.88545872204076
2022-12-06 15:00:00,34.10653674961667
